,Id,task_1,task_2
0,data/test/melanoma/ISIC_0012258.jpg,-0.03486374020576477,0.23144730925559998
1,data/test/melanoma/ISIC_0012356.jpg,0.7630751729011536,-0.6847559213638306
2,data/test/melanoma/ISIC_0012369.jpg,1.1982200145721436,-2.0827832221984863
3,data/test/melanoma/ISIC_0012395.jpg,1.9403417110443115,-2.8076772689819336
4,data/test/melanoma/ISIC_0012425.jpg,-0.4592445492744446,0.4096648693084717
5,data/test/melanoma/ISIC_0012758.jpg,0.47806328535079956,-2.8259668350219727
6,data/test/melanoma/ISIC_0012989.jpg,0.2726373076438904,-2.604844093322754
7,data/test/melanoma/ISIC_0013072.jpg,1.0875816345214844,-1.2210577726364136
8,data/test/melanoma/ISIC_0013073.jpg,1.7547062635421753,-2.446810483932495
9,data/test/melanoma/ISIC_0013242.jpg,1.7556546926498413,-1.9742921590805054
10,data/test/melanoma/ISIC_0013277.jpg,0.16501739621162415,-1.7573316097259521
11,data/test/melanoma/ISIC_0013321.jpg,-1.1533440351486206,1.5067259073257446
12,data/test/melanoma/ISIC_0013374.jpg,1.4520727396011353,-2.5158004760742188
13,data/test/melanoma/ISIC_0013411.jpg,0.00896392110735178,0.3980976343154907
14,data/test/melanoma/ISIC_0013414.jpg,0.2264607548713684,-1.2574182748794556
15,data/test/melanoma/ISIC_0013455.jpg,1.9743778705596924,-3.2148303985595703
16,data/test/melanoma/ISIC_0013457.jpg,-0.01778344064950943,0.26390570402145386
17,data/test/melanoma/ISIC_0013459.jpg,-0.2579338550567627,-0.8669202327728271
18,data/test/melanoma/ISIC_0013472.jpg,0.10806883126497269,-0.04314365237951279
19,data/test/melanoma/ISIC_0013473.jpg,1.62838613986969,-1.827067494392395
20,data/test/melanoma/ISIC_0013565.jpg,-0.0927656963467598,0.3436942994594574
21,data/test/melanoma/ISIC_0013577.jpg,0.007163980044424534,-0.018452752381563187
22,data/test/melanoma/ISIC_0013588.jpg,0.869587779045105,-0.6173793077468872
23,data/test/melanoma/ISIC_0013615.jpg,0.8342879414558411,-1.0272085666656494
24,data/test/melanoma/ISIC_0013617.jpg,0.23042267560958862,0.14500842988491058
25,data/test/melanoma/ISIC_0013636.jpg,0.95245760679245,-1.9822496175765991
26,data/test/melanoma/ISIC_0013678.jpg,1.430620789527893,-1.4320552349090576
27,data/test/melanoma/ISIC_0013696.jpg,-0.07232708483934402,-1.7982178926467896
28,data/test/melanoma/ISIC_0013733.jpg,1.0454020500183105,-2.140575647354126
29,data/test/melanoma/ISIC_0013739.jpg,1.0846611261367798,-1.713927149772644
30,data/test/melanoma/ISIC_0013766.jpg,1.2862168550491333,-2.574300527572632
31,data/test/melanoma/ISIC_0013767.jpg,1.6343642473220825,-2.4509098529815674
32,data/test/melanoma/ISIC_0013813.jpg,0.4000603258609772,-0.8509917855262756
33,data/test/melanoma/ISIC_0013814.jpg,0.496610164642334,-1.0062634944915771
34,data/test/melanoma/ISIC_0013833.jpg,1.861204743385315,-2.0689854621887207
35,data/test/melanoma/ISIC_0013842.jpg,0.19953179359436035,-1.9177502393722534
36,data/test/melanoma/ISIC_0013867.jpg,0.7378242611885071,-1.682040810585022
37,data/test/melanoma/ISIC_0013908.jpg,1.2248328924179077,-1.4953750371932983
38,data/test/melanoma/ISIC_0013917.jpg,0.8580792546272278,-2.49991512298584
39,data/test/melanoma/ISIC_0013925.jpg,-0.8272892236709595,0.8782925605773926
40,data/test/melanoma/ISIC_0013948.jpg,1.730636477470398,-2.667424201965332
41,data/test/melanoma/ISIC_0013953.jpg,0.3168829083442688,-0.1320682168006897
42,data/test/melanoma/ISIC_0013987.jpg,0.7607739567756653,-1.1196883916854858
43,data/test/melanoma/ISIC_0013988.jpg,1.025169014930725,-1.0858348608016968
44,data/test/melanoma/ISIC_0014027.jpg,-0.8951653838157654,-0.19668705761432648
45,data/test/melanoma/ISIC_0014059.jpg,0.7065046429634094,-3.2218985557556152
46,data/test/melanoma/ISIC_0014077.jpg,1.6012684106826782,-3.1749439239501953
47,data/test/melanoma/ISIC_0014103.jpg,0.5984005331993103,-1.3969643115997314
48,data/test/melanoma/ISIC_0014110.jpg,1.3811166286468506,-2.857633590698242
49,data/test/melanoma/ISIC_0014129.jpg,2.0076353549957275,-3.038311004638672
50,data/test/melanoma/ISIC_0014148.jpg,0.31781482696533203,-0.5602041482925415
51,data/test/melanoma/ISIC_0014160.jpg,1.243430256843567,-1.932010293006897
52,data/test/melanoma/ISIC_0014181.jpg,0.911268949508667,-0.6492237448692322
53,data/test/melanoma/ISIC_0014186.jpg,-0.5942097306251526,0.7363659739494324
54,data/test/melanoma/ISIC_0014219.jpg,0.24034586548805237,-0.3832317292690277
55,data/test/melanoma/ISIC_0014221.jpg,0.9478684067726135,-1.930246353149414
56,data/test/melanoma/ISIC_0014233.jpg,0.9936724901199341,-1.0881831645965576
57,data/test/melanoma/ISIC_0014255.jpg,-0.49995332956314087,-0.5961859226226807
58,data/test/melanoma/ISIC_0014270.jpg,0.3009059429168701,-0.6146982908248901
59,data/test/melanoma/ISIC_0014284.jpg,0.13936291635036469,0.03988984599709511
60,data/test/melanoma/ISIC_0014288.jpg,-1.0299745798110962,0.6676605343818665
61,data/test/melanoma/ISIC_0014319.jpg,1.7334827184677124,-2.794034957885742
62,data/test/melanoma/ISIC_0014336.jpg,0.43626394867897034,-0.29527658224105835
63,data/test/melanoma/ISIC_0014349.jpg,1.4387236833572388,-2.651808738708496
64,data/test/melanoma/ISIC_0014369.jpg,1.480289101600647,-2.657921314239502
65,data/test/melanoma/ISIC_0014423.jpg,0.11803486943244934,0.2236880213022232
66,data/test/melanoma/ISIC_0014434.jpg,-0.33350297808647156,0.6945654153823853
67,data/test/melanoma/ISIC_0014454.jpg,0.03602830320596695,0.18426714837551117
68,data/test/melanoma/ISIC_0014478.jpg,2.0078444480895996,-2.8315813541412354
69,data/test/melanoma/ISIC_0014489.jpg,0.8871676325798035,-1.571149468421936
70,data/test/melanoma/ISIC_0014506.jpg,1.367251992225647,-1.7381852865219116
71,data/test/melanoma/ISIC_0014513.jpg,0.0862983837723732,-0.11532840132713318
72,data/test/melanoma/ISIC_0014541.jpg,1.0673738718032837,-1.3174320459365845
73,data/test/melanoma/ISIC_0014542.jpg,-0.264973521232605,-0.5466917157173157
74,data/test/melanoma/ISIC_0014546.jpg,0.9643457531929016,-1.48212468624115
75,data/test/melanoma/ISIC_0014548.jpg,0.881524920463562,-1.8765407800674438
76,data/test/melanoma/ISIC_0014559.jpg,0.8306172490119934,-0.5224515199661255
77,data/test/melanoma/ISIC_0014663.jpg,1.9196367263793945,-2.8104138374328613
78,data/test/melanoma/ISIC_0014666.jpg,0.14694136381149292,0.09006479382514954
79,data/test/melanoma/ISIC_0014695.jpg,-0.3550070524215698,0.6164370775222778
80,data/test/melanoma/ISIC_0014703.jpg,0.9840757250785828,-0.6924643516540527
81,data/test/melanoma/ISIC_0014727.jpg,-0.27342459559440613,0.24193666875362396
82,data/test/melanoma/ISIC_0014766.jpg,0.44195884466171265,-0.8044248223304749
83,data/test/melanoma/ISIC_0014772.jpg,-0.1139819398522377,0.19978630542755127
84,data/test/melanoma/ISIC_0014784.jpg,-0.46908777952194214,0.4265521168708801
85,data/test/melanoma/ISIC_0014790.jpg,-0.23295307159423828,0.48515963554382324
86,data/test/melanoma/ISIC_0014800.jpg,0.5155038237571716,-0.8198198080062866
87,data/test/melanoma/ISIC_0014826.jpg,2.3653039932250977,-4.33257532119751
88,data/test/melanoma/ISIC_0014862.jpg,0.905714213848114,-1.785532832145691
89,data/test/melanoma/ISIC_0014872.jpg,-0.018490079790353775,-0.21128559112548828
90,data/test/melanoma/ISIC_0014883.jpg,1.4684747457504272,-3.4834418296813965
91,data/test/melanoma/ISIC_0014912.jpg,0.08480972051620483,0.02098213881254196
92,data/test/melanoma/ISIC_0014928.jpg,0.624886691570282,-1.3997445106506348
93,data/test/melanoma/ISIC_0014932.jpg,0.7705996632575989,-1.5062750577926636
94,data/test/melanoma/ISIC_0014963.jpg,1.520982265472412,-2.1246373653411865
95,data/test/melanoma/ISIC_0014982.jpg,1.916459321975708,-2.7190101146698
96,data/test/melanoma/ISIC_0015004.jpg,0.6304442286491394,-1.3030601739883423
97,data/test/melanoma/ISIC_0015041.jpg,0.2807058095932007,-1.341241478919983
98,data/test/melanoma/ISIC_0015046.jpg,0.7019596099853516,-1.6535924673080444
99,data/test/melanoma/ISIC_0015050.jpg,0.9866830706596375,-1.025329828262329
100,data/test/melanoma/ISIC_0015071.jpg,2.2020316123962402,-2.374756097793579
101,data/test/melanoma/ISIC_0015115.jpg,1.6302794218063354,-2.5153112411499023
102,data/test/melanoma/ISIC_0015119.jpg,0.5330429077148438,-0.11317626386880875
103,data/test/melanoma/ISIC_0015127.jpg,0.8264757990837097,-2.106945037841797
104,data/test/melanoma/ISIC_0015132.jpg,1.5090185403823853,-2.0196218490600586
105,data/test/melanoma/ISIC_0015133.jpg,-0.14257743954658508,-0.614883303642273
106,data/test/melanoma/ISIC_0015136.jpg,1.559651255607605,-1.8947229385375977
107,data/test/melanoma/ISIC_0015142.jpg,-0.7604311108589172,0.8781478404998779
108,data/test/melanoma/ISIC_0015156.jpg,0.7592102885246277,-1.5558661222457886
109,data/test/melanoma/ISIC_0015163.jpg,0.7840451002120972,-1.0660752058029175
110,data/test/melanoma/ISIC_0015167.jpg,-0.8613871335983276,1.266436219215393
111,data/test/melanoma/ISIC_0015180.jpg,0.2044718861579895,0.047621145844459534
112,data/test/melanoma/ISIC_0015185.jpg,-0.05566345155239105,0.08315595239400864
113,data/test/melanoma/ISIC_0015193.jpg,0.8171592354774475,-1.0324618816375732
114,data/test/melanoma/ISIC_0015206.jpg,1.2291927337646484,-2.24200177192688
115,data/test/melanoma/ISIC_0015229.jpg,0.2416776716709137,-0.061850305646657944
116,data/test/melanoma/ISIC_0015251.jpg,0.9503134489059448,-1.7858422994613647
117,data/test/nevus/ISIC_0012092.jpg,0.2670983374118805,-1.9800958633422852
118,data/test/nevus/ISIC_0012095.jpg,0.05654504522681236,-1.4489573240280151
119,data/test/nevus/ISIC_0012147.jpg,-0.010109683498740196,-1.2520592212677002
120,data/test/nevus/ISIC_0012149.jpg,-0.8454781770706177,0.15766339004039764
121,data/test/nevus/ISIC_0012152.jpg,0.1124301627278328,-0.18114551901817322
122,data/test/nevus/ISIC_0012216.jpg,-0.527632474899292,0.650600254535675
123,data/test/nevus/ISIC_0012357.jpg,1.476873755455017,-1.6581125259399414
124,data/test/nevus/ISIC_0012484.jpg,-0.22593331336975098,-0.4762403964996338
125,data/test/nevus/ISIC_0012493.jpg,-0.7742270231246948,-0.5588277578353882
126,data/test/nevus/ISIC_0012551.jpg,-0.7585347890853882,-0.4855685532093048
127,data/test/nevus/ISIC_0012654.jpg,-0.05236007273197174,-1.4524672031402588
128,data/test/nevus/ISIC_0012656.jpg,0.9922449588775635,-2.2062599658966064
129,data/test/nevus/ISIC_0012708.jpg,-1.016878604888916,0.30760690569877625
130,data/test/nevus/ISIC_0012722.jpg,1.1791824102401733,-1.917433738708496
131,data/test/nevus/ISIC_0012803.jpg,-0.14455583691596985,0.49560272693634033
132,data/test/nevus/ISIC_0012836.jpg,0.9037714600563049,-1.8975993394851685
133,data/test/nevus/ISIC_0012837.jpg,-1.0457690954208374,1.338275671005249
134,data/test/nevus/ISIC_0012903.jpg,0.001091853715479374,-2.52693247795105
135,data/test/nevus/ISIC_0012904.jpg,0.19394484162330627,-1.7067533731460571
136,data/test/nevus/ISIC_0012941.jpg,-1.1724447011947632,0.530643880367279
137,data/test/nevus/ISIC_0012967.jpg,-0.9505100250244141,1.0658904314041138
138,data/test/nevus/ISIC_0013045.jpg,0.4775550663471222,-2.5952324867248535
139,data/test/nevus/ISIC_0013070.jpg,0.32328957319259644,-1.6119893789291382
140,data/test/nevus/ISIC_0013109.jpg,0.21775031089782715,-1.2611535787582397
141,data/test/nevus/ISIC_0013159.jpg,-0.950751006603241,1.2293212413787842
142,data/test/nevus/ISIC_0013164.jpg,-1.1722491979599,-0.3672570586204529
143,data/test/nevus/ISIC_0013176.jpg,0.3988640606403351,-1.7160700559616089
144,data/test/nevus/ISIC_0013191.jpg,-0.3535410761833191,0.16887666285037994
145,data/test/nevus/ISIC_0013216.jpg,0.18518196046352386,-0.9029297232627869
146,data/test/nevus/ISIC_0013226.jpg,-0.7832247614860535,0.5417827367782593
147,data/test/nevus/ISIC_0013230.jpg,-0.251770555973053,-1.6046642065048218
148,data/test/nevus/ISIC_0013269.jpg,1.0830113887786865,-2.1726622581481934
149,data/test/nevus/ISIC_0013291.jpg,0.5496519207954407,-2.222033977508545
150,data/test/nevus/ISIC_0013325.jpg,0.5819833874702454,-2.8430347442626953
151,data/test/nevus/ISIC_0013399.jpg,-1.0691436529159546,-0.43797892332077026
152,data/test/nevus/ISIC_0013416.jpg,-0.6603582501411438,-0.548089861869812
153,data/test/nevus/ISIC_0013511.jpg,1.05608069896698,-0.8495801687240601
154,data/test/nevus/ISIC_0013512.jpg,1.0181704759597778,-1.0533300638198853
155,data/test/nevus/ISIC_0013529.jpg,0.8159139752388,-2.17134952545166
156,data/test/nevus/ISIC_0013600.jpg,0.3359077572822571,-1.790041446685791
157,data/test/nevus/ISIC_0013602.jpg,1.0263947248458862,-1.5768966674804688
158,data/test/nevus/ISIC_0013738.jpg,-0.597152054309845,-0.41331565380096436
159,data/test/nevus/ISIC_0013794.jpg,-0.45062941312789917,-1.7238327264785767
160,data/test/nevus/ISIC_0013809.jpg,1.0216331481933594,-1.8109405040740967
161,data/test/nevus/ISIC_0013891.jpg,0.5576303601264954,-1.2666035890579224
162,data/test/nevus/ISIC_0013897.jpg,0.7482616901397705,-0.9765496253967285
163,data/test/nevus/ISIC_0013911.jpg,0.8239216208457947,-1.0169658660888672
164,data/test/nevus/ISIC_0013966.jpg,-0.8157905340194702,1.3536490201950073
165,data/test/nevus/ISIC_0013998.jpg,0.04049382358789444,-0.6754246950149536
166,data/test/nevus/ISIC_0014090.jpg,-0.9697439074516296,-0.05439251288771629
167,data/test/nevus/ISIC_0014117.jpg,0.3645007610321045,-1.6120277643203735
168,data/test/nevus/ISIC_0014470.jpg,-1.1414239406585693,1.2056390047073364
169,data/test/nevus/ISIC_0014675.jpg,0.1675473153591156,-1.189614176750183
170,data/test/nevus/ISIC_0014677.jpg,0.23495066165924072,-1.9116328954696655
171,data/test/nevus/ISIC_0014687.jpg,1.1018842458724976,-1.903710961341858
172,data/test/nevus/ISIC_0014693.jpg,1.3141535520553589,-1.8431217670440674
173,data/test/nevus/ISIC_0014697.jpg,0.6387187242507935,-0.6032383441925049
174,data/test/nevus/ISIC_0014698.jpg,-0.6496574282646179,-0.8271563649177551
175,data/test/nevus/ISIC_0014720.jpg,1.5264633893966675,-2.5108959674835205
176,data/test/nevus/ISIC_0014725.jpg,1.1797311305999756,-2.5300405025482178
177,data/test/nevus/ISIC_0014728.jpg,0.7205103039741516,-1.3429603576660156
178,data/test/nevus/ISIC_0014729.jpg,-0.7017664313316345,-0.2560019791126251
179,data/test/nevus/ISIC_0014740.jpg,-0.40102165937423706,1.0766853094100952
180,data/test/nevus/ISIC_0014743.jpg,0.563849151134491,-1.438905119895935
181,data/test/nevus/ISIC_0014746.jpg,0.9918225407600403,-1.4915770292282104
182,data/test/nevus/ISIC_0014749.jpg,1.0588667392730713,-1.876563310623169
183,data/test/nevus/ISIC_0014753.jpg,1.577856421470642,-2.753788948059082
184,data/test/nevus/ISIC_0014755.jpg,1.4738609790802002,-2.664071559906006
185,data/test/nevus/ISIC_0014765.jpg,0.20441366732120514,-1.07806396484375
186,data/test/nevus/ISIC_0014768.jpg,0.2983643114566803,-1.5647788047790527
187,data/test/nevus/ISIC_0014773.jpg,0.2988211512565613,-1.5060752630233765
188,data/test/nevus/ISIC_0014780.jpg,1.5522332191467285,-1.9514590501785278
189,data/test/nevus/ISIC_0014786.jpg,0.5455116033554077,-0.7964510321617126
190,data/test/nevus/ISIC_0014787.jpg,2.1728336811065674,-3.144239902496338
191,data/test/nevus/ISIC_0014792.jpg,-0.5718938708305359,0.7251501679420471
192,data/test/nevus/ISIC_0014796.jpg,0.41538381576538086,-1.0245214700698853
193,data/test/nevus/ISIC_0014798.jpg,0.09846488386392593,-1.0922602415084839
194,data/test/nevus/ISIC_0014807.jpg,2.341080665588379,-3.6925387382507324
195,data/test/nevus/ISIC_0014814.jpg,0.7757319211959839,-2.8240044116973877
196,data/test/nevus/ISIC_0014815.jpg,1.1832308769226074,-2.101367473602295
197,data/test/nevus/ISIC_0014820.jpg,-0.19453522562980652,-1.1327576637268066
198,data/test/nevus/ISIC_0014822.jpg,0.4401624798774719,-1.6046587228775024
199,data/test/nevus/ISIC_0014833.jpg,0.03788357973098755,0.3414190411567688
200,data/test/nevus/ISIC_0014835.jpg,1.8080122470855713,-2.517143726348877
201,data/test/nevus/ISIC_0014844.jpg,1.3019442558288574,-2.392930746078491
202,data/test/nevus/ISIC_0014853.jpg,0.09016937017440796,-1.7583109140396118
203,data/test/nevus/ISIC_0014854.jpg,1.864641547203064,-3.2383453845977783
204,data/test/nevus/ISIC_0014863.jpg,-0.12397851794958115,-0.3705752491950989
205,data/test/nevus/ISIC_0014867.jpg,-0.506316065788269,0.1822643131017685
206,data/test/nevus/ISIC_0014868.jpg,0.7296649813652039,-1.7081745862960815
207,data/test/nevus/ISIC_0014876.jpg,-0.33287549018859863,-0.5140740275382996
208,data/test/nevus/ISIC_0014879.jpg,-1.024980902671814,-0.6449027061462402
209,data/test/nevus/ISIC_0014901.jpg,1.2408602237701416,-2.1244380474090576
210,data/test/nevus/ISIC_0014907.jpg,-0.23231300711631775,-0.9976409673690796
211,data/test/nevus/ISIC_0014910.jpg,0.787074863910675,-0.6064081192016602
212,data/test/nevus/ISIC_0014921.jpg,0.8487510085105896,-1.8746018409729004
213,data/test/nevus/ISIC_0014927.jpg,2.3997721672058105,-3.6190271377563477
214,data/test/nevus/ISIC_0014936.jpg,1.3306564092636108,-2.5951976776123047
215,data/test/nevus/ISIC_0014938.jpg,0.9125905632972717,-2.168642044067383
216,data/test/nevus/ISIC_0014940.jpg,1.2176544666290283,-2.3062875270843506
217,data/test/nevus/ISIC_0014941.jpg,2.4215660095214844,-4.092651844024658
218,data/test/nevus/ISIC_0014942.jpg,-0.4701926112174988,-1.3426588773727417
219,data/test/nevus/ISIC_0014943.jpg,0.28241077065467834,-0.5723331570625305
220,data/test/nevus/ISIC_0014944.jpg,1.1836764812469482,-2.612400770187378
221,data/test/nevus/ISIC_0014947.jpg,1.6517571210861206,-3.626258373260498
222,data/test/nevus/ISIC_0014948.jpg,1.583922266960144,-1.7802437543869019
223,data/test/nevus/ISIC_0014949.jpg,1.118094801902771,-2.420384407043457
224,data/test/nevus/ISIC_0014952.jpg,0.9756501913070679,-2.61431622505188
225,data/test/nevus/ISIC_0014955.jpg,1.0557910203933716,-1.7032593488693237
226,data/test/nevus/ISIC_0014956.jpg,1.568487524986267,-1.9766265153884888
227,data/test/nevus/ISIC_0014957.jpg,1.0708309412002563,-2.3393025398254395
228,data/test/nevus/ISIC_0014958.jpg,0.1874883770942688,-1.2271112203598022
229,data/test/nevus/ISIC_0014959.jpg,0.3833882212638855,-2.381645917892456
230,data/test/nevus/ISIC_0014961.jpg,1.2317208051681519,-1.8815399408340454
231,data/test/nevus/ISIC_0014962.jpg,0.35529863834381104,-0.5999237298965454
232,data/test/nevus/ISIC_0014964.jpg,0.6236664652824402,-1.6577523946762085
233,data/test/nevus/ISIC_0014966.jpg,1.6773123741149902,-2.828612804412842
234,data/test/nevus/ISIC_0014968.jpg,1.5884748697280884,-2.7703213691711426
235,data/test/nevus/ISIC_0014969.jpg,-0.22877471148967743,-0.5576331615447998
236,data/test/nevus/ISIC_0014973.jpg,1.2753795385360718,-2.652276039123535
237,data/test/nevus/ISIC_0014974.jpg,0.2461971938610077,-0.9921950101852417
238,data/test/nevus/ISIC_0014977.jpg,1.041323184967041,-1.6663950681686401
239,data/test/nevus/ISIC_0014992.jpg,1.469213843345642,-2.470879077911377
240,data/test/nevus/ISIC_0014994.jpg,0.06785943359136581,-1.1081994771957397
241,data/test/nevus/ISIC_0014998.jpg,1.302513837814331,-1.8610286712646484
242,data/test/nevus/ISIC_0015002.jpg,-0.18472164869308472,0.014141528867185116
243,data/test/nevus/ISIC_0015003.jpg,0.42876774072647095,-1.046558141708374
244,data/test/nevus/ISIC_0015007.jpg,0.1253141164779663,-1.4738554954528809
245,data/test/nevus/ISIC_0015008.jpg,-0.21474292874336243,0.20828983187675476
246,data/test/nevus/ISIC_0015009.jpg,-0.07405100762844086,-0.38458895683288574
247,data/test/nevus/ISIC_0015011.jpg,-0.3250541687011719,0.013129803352057934
248,data/test/nevus/ISIC_0015013.jpg,0.5980119705200195,-0.5290627479553223
249,data/test/nevus/ISIC_0015015.jpg,1.7897695302963257,-2.8115386962890625
250,data/test/nevus/ISIC_0015016.jpg,1.5854672193527222,-2.281269073486328
251,data/test/nevus/ISIC_0015018.jpg,0.39164847135543823,-1.316543698310852
252,data/test/nevus/ISIC_0015019.jpg,0.44422703981399536,-0.3424149751663208
253,data/test/nevus/ISIC_0015020.jpg,0.7040103673934937,-1.241139531135559
254,data/test/nevus/ISIC_0015021.jpg,0.45606476068496704,-1.3169487714767456
255,data/test/nevus/ISIC_0015023.jpg,0.21181538701057434,-2.348503589630127
256,data/test/nevus/ISIC_0015026.jpg,0.7085323929786682,-1.1105388402938843
257,data/test/nevus/ISIC_0015030.jpg,0.713055431842804,-2.0035953521728516
258,data/test/nevus/ISIC_0015031.jpg,-0.8888919949531555,0.7307491898536682
259,data/test/nevus/ISIC_0015034.jpg,0.09342720359563828,-1.9127370119094849
260,data/test/nevus/ISIC_0015035.jpg,-1.3201241493225098,0.21780042350292206
261,data/test/nevus/ISIC_0015037.jpg,1.0113075971603394,-1.334445595741272
262,data/test/nevus/ISIC_0015040.jpg,-0.4855928122997284,0.24040786921977997
263,data/test/nevus/ISIC_0015051.jpg,0.3224374055862427,-1.0469911098480225
264,data/test/nevus/ISIC_0015056.jpg,0.5820391774177551,-0.718656063079834
265,data/test/nevus/ISIC_0015057.jpg,-0.03251272067427635,-0.8137689828872681
266,data/test/nevus/ISIC_0015060.jpg,-0.7369478940963745,0.641659140586853
267,data/test/nevus/ISIC_0015064.jpg,1.9949265718460083,-2.785820484161377
268,data/test/nevus/ISIC_0015078.jpg,-1.245336651802063,0.9786662459373474
269,data/test/nevus/ISIC_0015089.jpg,-0.012164141051471233,-0.6219576597213745
270,data/test/nevus/ISIC_0015102.jpg,1.1733372211456299,-1.7554203271865845
271,data/test/nevus/ISIC_0015118.jpg,0.2560083568096161,-0.5750935077667236
272,data/test/nevus/ISIC_0015125.jpg,1.2436033487319946,-3.032992362976074
273,data/test/nevus/ISIC_0015129.jpg,-1.1917158365249634,0.7932969331741333
274,data/test/nevus/ISIC_0015130.jpg,0.11258820444345474,-1.0787230730056763
275,data/test/nevus/ISIC_0015139.jpg,0.4372873306274414,-1.8440958261489868
276,data/test/nevus/ISIC_0015140.jpg,1.700233817100525,-2.270092487335205
277,data/test/nevus/ISIC_0015146.jpg,1.4260845184326172,-2.8577938079833984
278,data/test/nevus/ISIC_0015149.jpg,1.5727193355560303,-2.501687526702881
279,data/test/nevus/ISIC_0015150.jpg,0.9704700112342834,-1.8764991760253906
280,data/test/nevus/ISIC_0015152.jpg,-0.49556392431259155,-0.8290959596633911
281,data/test/nevus/ISIC_0015155.jpg,0.46224579215049744,-0.8470323085784912
282,data/test/nevus/ISIC_0015157.jpg,-0.10141079127788544,-0.4629397392272949
283,data/test/nevus/ISIC_0015160.jpg,-0.6429950594902039,-0.06189689040184021
284,data/test/nevus/ISIC_0015161.jpg,-0.4687383472919464,0.6063869595527649
285,data/test/nevus/ISIC_0015171.jpg,0.4089888036251068,0.26163235306739807
286,data/test/nevus/ISIC_0015173.jpg,0.43881693482398987,-0.846982479095459
287,data/test/nevus/ISIC_0015174.jpg,0.9446460604667664,-1.81765878200531
288,data/test/nevus/ISIC_0015175.jpg,0.6319077610969543,-2.2772154808044434
289,data/test/nevus/ISIC_0015176.jpg,1.4128546714782715,-1.506885290145874
290,data/test/nevus/ISIC_0015179.jpg,1.4794329404830933,-2.3787107467651367
291,data/test/nevus/ISIC_0015184.jpg,-0.5689505934715271,-0.8700793981552124
292,data/test/nevus/ISIC_0015201.jpg,1.1459681987762451,-3.421940326690674
293,data/test/nevus/ISIC_0015202.jpg,0.8876631259918213,-3.17148494720459
294,data/test/nevus/ISIC_0015203.jpg,0.5776548981666565,-0.4406619966030121
295,data/test/nevus/ISIC_0015207.jpg,0.4423108696937561,0.12558887898921967
296,data/test/nevus/ISIC_0015208.jpg,1.628815770149231,-2.528221607208252
297,data/test/nevus/ISIC_0015212.jpg,0.23081612586975098,-2.2694902420043945
298,data/test/nevus/ISIC_0015215.jpg,0.5662311911582947,-2.1282958984375
299,data/test/nevus/ISIC_0015216.jpg,0.8842893838882446,-0.9178117513656616
300,data/test/nevus/ISIC_0015217.jpg,0.36937224864959717,-1.543784737586975
301,data/test/nevus/ISIC_0015218.jpg,0.7157502174377441,-2.323545455932617
302,data/test/nevus/ISIC_0015223.jpg,-0.4102894365787506,-0.9919570088386536
303,data/test/nevus/ISIC_0015224.jpg,-0.576686680316925,0.11375097185373306
304,data/test/nevus/ISIC_0015226.jpg,0.9860594272613525,-1.2088059186935425
305,data/test/nevus/ISIC_0015232.jpg,-0.10882923752069473,0.5019625425338745
306,data/test/nevus/ISIC_0015237.jpg,1.2726006507873535,-1.7185007333755493
307,data/test/nevus/ISIC_0015241.jpg,0.07644743472337723,-1.7144672870635986
308,data/test/nevus/ISIC_0015244.jpg,0.6699792146682739,-1.2916793823242188
309,data/test/nevus/ISIC_0015245.jpg,0.27218544483184814,-0.7502167820930481
310,data/test/nevus/ISIC_0015250.jpg,-0.3676926791667938,-0.232521653175354
311,data/test/nevus/ISIC_0015254.jpg,-0.04981085658073425,-0.15389280021190643
312,data/test/nevus/ISIC_0015255.jpg,0.7149408459663391,-1.600375771522522
313,data/test/nevus/ISIC_0015258.jpg,1.1679167747497559,-1.6830817461013794
314,data/test/nevus/ISIC_0015264.jpg,-0.9732968807220459,1.0060478448867798
315,data/test/nevus/ISIC_0015270.jpg,-0.11840102076530457,-0.21109037101268768
316,data/test/nevus/ISIC_0015273.jpg,-0.7319689393043518,-0.14787660539150238
317,data/test/nevus/ISIC_0015274.jpg,1.6864479780197144,-2.21353816986084
318,data/test/nevus/ISIC_0015276.jpg,0.6749290823936462,-1.3727434873580933
319,data/test/nevus/ISIC_0015279.jpg,-0.011999689973890781,-1.1362977027893066
320,data/test/nevus/ISIC_0015283.jpg,1.4140697717666626,-3.1064887046813965
321,data/test/nevus/ISIC_0015291.jpg,0.45043593645095825,-1.1553008556365967
322,data/test/nevus/ISIC_0015293.jpg,0.1557546854019165,-0.5475993156433105
323,data/test/nevus/ISIC_0015298.jpg,-0.2584695816040039,-1.4015713930130005
324,data/test/nevus/ISIC_0015309.jpg,-1.1270254850387573,-0.015964321792125702
325,data/test/nevus/ISIC_0015310.jpg,1.162620186805725,-1.432741403579712
326,data/test/nevus/ISIC_0015311.jpg,1.6882455348968506,-2.5141732692718506
327,data/test/nevus/ISIC_0015312.jpg,1.4065755605697632,-2.119199752807617
328,data/test/nevus/ISIC_0015330.jpg,1.125406265258789,-2.5104212760925293
329,data/test/nevus/ISIC_0015331.jpg,0.27311256527900696,-1.6621686220169067
330,data/test/nevus/ISIC_0015347.jpg,0.2050180286169052,-1.3435239791870117
331,data/test/nevus/ISIC_0015353.jpg,1.1660473346710205,-1.8987698554992676
332,data/test/nevus/ISIC_0015355.jpg,-0.10038278251886368,-1.5744301080703735
333,data/test/nevus/ISIC_0015357.jpg,0.26235175132751465,-1.6363507509231567
334,data/test/nevus/ISIC_0015360.jpg,1.0526666641235352,-2.8683247566223145
335,data/test/nevus/ISIC_0015363.jpg,0.2801792621612549,0.2901080250740051
336,data/test/nevus/ISIC_0015364.jpg,0.5821133255958557,-0.20751400291919708
337,data/test/nevus/ISIC_0015368.jpg,1.7589997053146362,-3.0746169090270996
338,data/test/nevus/ISIC_0015369.jpg,0.1272694319486618,-0.056839700788259506
339,data/test/nevus/ISIC_0015383.jpg,0.9536988139152527,-2.4658570289611816
340,data/test/nevus/ISIC_0015386.jpg,1.9058747291564941,-2.990227699279785
341,data/test/nevus/ISIC_0015390.jpg,0.6204368472099304,-1.2629117965698242
342,data/test/nevus/ISIC_0015395.jpg,-0.5111739635467529,0.4530053436756134
343,data/test/nevus/ISIC_0015403.jpg,0.8945254683494568,-0.8244462609291077
344,data/test/nevus/ISIC_0015404.jpg,1.5838360786437988,-2.0791492462158203
345,data/test/nevus/ISIC_0015411.jpg,0.1667039692401886,-1.955928087234497
346,data/test/nevus/ISIC_0015412.jpg,0.6265761256217957,-2.1847360134124756
347,data/test/nevus/ISIC_0015416.jpg,1.0543352365493774,-1.5395900011062622
348,data/test/nevus/ISIC_0015417.jpg,1.301981806755066,-2.4013328552246094
349,data/test/nevus/ISIC_0015418.jpg,0.5244486927986145,-1.762086033821106
350,data/test/nevus/ISIC_0015419.jpg,-0.0738615170121193,0.18096834421157837
351,data/test/nevus/ISIC_0015436.jpg,1.0139333009719849,-1.283325433731079
352,data/test/nevus/ISIC_0015440.jpg,0.12615883350372314,-0.6098759174346924
353,data/test/nevus/ISIC_0015447.jpg,0.8363127112388611,-1.5670918226242065
354,data/test/nevus/ISIC_0015455.jpg,-0.06037882715463638,-0.2758098840713501
355,data/test/nevus/ISIC_0015464.jpg,1.3360236883163452,-2.4948248863220215
356,data/test/nevus/ISIC_0015466.jpg,1.2001222372055054,-2.7977123260498047
357,data/test/nevus/ISIC_0015468.jpg,-0.2547687888145447,-1.1031798124313354
358,data/test/nevus/ISIC_0015476.jpg,0.9915391802787781,-2.6476292610168457
359,data/test/nevus/ISIC_0015481.jpg,0.9095420241355896,-1.0638922452926636
360,data/test/nevus/ISIC_0015482.jpg,2.0365467071533203,-2.6901822090148926
361,data/test/nevus/ISIC_0015485.jpg,-0.7120777368545532,0.9727271795272827
362,data/test/nevus/ISIC_0015510.jpg,1.0453091859817505,-1.0769590139389038
363,data/test/nevus/ISIC_0015526.jpg,0.5620359778404236,-2.9685239791870117
364,data/test/nevus/ISIC_0015537.jpg,0.2749634087085724,-0.20486772060394287
365,data/test/nevus/ISIC_0015544.jpg,0.6982014179229736,-1.1306337118148804
366,data/test/nevus/ISIC_0015559.jpg,0.7862368226051331,-1.2186912298202515
367,data/test/nevus/ISIC_0015563.jpg,0.709475040435791,-0.597791314125061
368,data/test/nevus/ISIC_0015566.jpg,0.3005392849445343,-1.4095913171768188
369,data/test/nevus/ISIC_0015568.jpg,0.6917669177055359,-2.097782850265503
370,data/test/nevus/ISIC_0015582.jpg,-0.17618092894554138,-1.4980319738388062
371,data/test/nevus/ISIC_0015593.jpg,-0.6191044449806213,-0.6628190279006958
372,data/test/nevus/ISIC_0015603.jpg,1.251738429069519,-2.3717916011810303
373,data/test/nevus/ISIC_0015607.jpg,0.03622063249349594,-0.42161694169044495
374,data/test/nevus/ISIC_0015614.jpg,-0.35826027393341064,-0.5212352275848389
375,data/test/nevus/ISIC_0015617.jpg,0.8402433395385742,-1.7831581830978394
376,data/test/nevus/ISIC_0015625.jpg,0.9981968998908997,-1.9641844034194946
377,data/test/nevus/ISIC_0015631.jpg,0.7413436770439148,-2.460604190826416
378,data/test/nevus/ISIC_0015636.jpg,0.005447913892567158,-0.017676446586847305
379,data/test/nevus/ISIC_0015638.jpg,-0.07025414705276489,-0.9639409780502319
380,data/test/nevus/ISIC_0015641.jpg,-0.3874167799949646,-0.44799208641052246
381,data/test/nevus/ISIC_0015645.jpg,0.5593585968017578,-1.0501042604446411
382,data/test/nevus/ISIC_0015936.jpg,-0.8192274570465088,0.6463053822517395
383,data/test/nevus/ISIC_0015937.jpg,0.291242390871048,-3.0610008239746094
384,data/test/nevus/ISIC_0015938.jpg,0.7409934401512146,-2.2365360260009766
385,data/test/nevus/ISIC_0015939.jpg,1.533338189125061,-1.9367176294326782
386,data/test/nevus/ISIC_0015940.jpg,0.05305549502372742,-1.6682723760604858
387,data/test/nevus/ISIC_0015941.jpg,0.38240236043930054,-2.931488037109375
388,data/test/nevus/ISIC_0015942.jpg,-0.2718614339828491,-1.4345329999923706
389,data/test/nevus/ISIC_0015943.jpg,0.4309362769126892,-0.8888329267501831
390,data/test/nevus/ISIC_0015944.jpg,-0.11520853638648987,0.3736454248428345
391,data/test/nevus/ISIC_0015945.jpg,1.2829548120498657,-2.037790060043335
392,data/test/nevus/ISIC_0015946.jpg,1.1736369132995605,-1.937905192375183
393,data/test/nevus/ISIC_0015947.jpg,-0.13458788394927979,-0.766782283782959
394,data/test/nevus/ISIC_0015948.jpg,-0.45090508460998535,-1.4667056798934937
395,data/test/nevus/ISIC_0015949.jpg,-0.44116634130477905,-1.6630220413208008
396,data/test/nevus/ISIC_0015950.jpg,0.5320499539375305,-1.7722796201705933
397,data/test/nevus/ISIC_0015951.jpg,-0.6798933148384094,0.6481762528419495
398,data/test/nevus/ISIC_0015952.jpg,-0.2432519793510437,-0.27966010570526123
399,data/test/nevus/ISIC_0015953.jpg,0.6466228365898132,-1.1664148569107056
400,data/test/nevus/ISIC_0015954.jpg,0.04534405469894409,-2.2336535453796387
401,data/test/nevus/ISIC_0015955.jpg,-0.6507461667060852,0.17324186861515045
402,data/test/nevus/ISIC_0015956.jpg,1.0587000846862793,-3.1987955570220947
403,data/test/nevus/ISIC_0015957.jpg,-0.9740999341011047,0.04304831102490425
404,data/test/nevus/ISIC_0015958.jpg,-0.9731675982475281,1.2643734216690063
405,data/test/nevus/ISIC_0015959.jpg,1.2086210250854492,-2.645753860473633
406,data/test/nevus/ISIC_0015960.jpg,0.9401214122772217,-2.5284218788146973
407,data/test/nevus/ISIC_0015961.jpg,0.5325219035148621,-1.9474873542785645
408,data/test/nevus/ISIC_0015962.jpg,-0.204005628824234,-1.3957340717315674
409,data/test/nevus/ISIC_0015963.jpg,0.12624500691890717,-2.261242389678955
410,data/test/nevus/ISIC_0015964.jpg,0.027955297380685806,-1.9796199798583984
411,data/test/nevus/ISIC_0015965.jpg,0.6052823066711426,-1.9622100591659546
412,data/test/nevus/ISIC_0015966.jpg,0.41845834255218506,-0.4745613932609558
413,data/test/nevus/ISIC_0015967.jpg,-0.639934241771698,-1.4270710945129395
414,data/test/nevus/ISIC_0015968.jpg,1.4286686182022095,-1.4842902421951294
415,data/test/nevus/ISIC_0015969.jpg,1.6193372011184692,-2.377957820892334
416,data/test/nevus/ISIC_0015971.jpg,0.30555489659309387,-2.2726407051086426
417,data/test/nevus/ISIC_0015972.jpg,-1.299949049949646,1.5479323863983154
418,data/test/nevus/ISIC_0015973.jpg,-1.0150113105773926,0.46450361609458923
419,data/test/nevus/ISIC_0015974.jpg,-1.0213645696640015,0.9866971969604492
420,data/test/nevus/ISIC_0015975.jpg,0.539057731628418,-2.6468539237976074
421,data/test/nevus/ISIC_0015976.jpg,0.49254506826400757,-1.6286288499832153
422,data/test/nevus/ISIC_0015978.jpg,-1.4171409606933594,0.08604776859283447
423,data/test/nevus/ISIC_0015979.jpg,0.1124301627278328,-0.18114551901817322
424,data/test/nevus/ISIC_0015980.jpg,0.12625065445899963,-1.8922170400619507
425,data/test/nevus/ISIC_0015981.jpg,0.5487865805625916,-1.8017957210540771
426,data/test/nevus/ISIC_0015982.jpg,0.25466644763946533,-2.285301685333252
427,data/test/nevus/ISIC_0015983.jpg,-0.1172194555401802,0.7570090293884277
428,data/test/nevus/ISIC_0015984.jpg,-1.2887341976165771,1.1252633333206177
429,data/test/nevus/ISIC_0015985.jpg,0.4064681828022003,-2.0808980464935303
430,data/test/nevus/ISIC_0015986.jpg,0.3116231858730316,-1.758320927619934
431,data/test/nevus/ISIC_0015987.jpg,0.3190430998802185,-1.818615198135376
432,data/test/nevus/ISIC_0015988.jpg,0.4919799864292145,-0.486850380897522
433,data/test/nevus/ISIC_0015989.jpg,-0.18588906526565552,-1.0401828289031982
434,data/test/nevus/ISIC_0015990.jpg,0.8561246991157532,-3.2925920486450195
435,data/test/nevus/ISIC_0015991.jpg,0.01588650792837143,-0.209059938788414
436,data/test/nevus/ISIC_0015992.jpg,0.1688694953918457,-2.205807685852051
437,data/test/nevus/ISIC_0015993.jpg,0.6760812997817993,-1.765217661857605
438,data/test/nevus/ISIC_0015994.jpg,0.14376577734947205,-2.478433132171631
439,data/test/nevus/ISIC_0015995.jpg,1.6273115873336792,-2.613889694213867
440,data/test/nevus/ISIC_0015996.jpg,0.6257038116455078,-1.7219394445419312
441,data/test/nevus/ISIC_0015997.jpg,0.554426908493042,-2.100649118423462
442,data/test/nevus/ISIC_0015998.jpg,0.6578752398490906,-2.1306838989257812
443,data/test/nevus/ISIC_0015999.jpg,0.1917285919189453,-1.8255258798599243
444,data/test/nevus/ISIC_0016000.jpg,2.617173910140991,-3.161068916320801
445,data/test/nevus/ISIC_0016001.jpg,-0.527632474899292,0.650600254535675
446,data/test/nevus/ISIC_0016002.jpg,0.22475463151931763,-2.2633392810821533
447,data/test/nevus/ISIC_0016003.jpg,1.0805860757827759,-2.3558826446533203
448,data/test/nevus/ISIC_0016004.jpg,0.5479434132575989,-1.2153090238571167
449,data/test/nevus/ISIC_0016005.jpg,0.9516461491584778,-1.814366102218628
450,data/test/nevus/ISIC_0016006.jpg,-1.112467885017395,0.8095733523368835
451,data/test/nevus/ISIC_0016007.jpg,0.15992434322834015,-1.1432241201400757
452,data/test/nevus/ISIC_0016008.jpg,1.0044411420822144,-1.7431461811065674
453,data/test/nevus/ISIC_0016009.jpg,-0.17878884077072144,-2.7969255447387695
454,data/test/nevus/ISIC_0016011.jpg,-1.094274878501892,1.440459966659546
455,data/test/nevus/ISIC_0016012.jpg,0.8901920914649963,-2.071751117706299
456,data/test/nevus/ISIC_0016013.jpg,-0.47917693853378296,0.5552321672439575
457,data/test/nevus/ISIC_0016014.jpg,0.1402057409286499,-2.436707019805908
458,data/test/nevus/ISIC_0016015.jpg,0.360930860042572,-2.9419517517089844
459,data/test/nevus/ISIC_0016016.jpg,0.27443209290504456,-0.6331057548522949
460,data/test/nevus/ISIC_0016017.jpg,-0.0009144684299826622,-1.7296308279037476
461,data/test/nevus/ISIC_0016018.jpg,0.059925250709056854,-1.683318853378296
462,data/test/nevus/ISIC_0016019.jpg,-0.8980282545089722,0.33858174085617065
463,data/test/nevus/ISIC_0016022.jpg,0.8029686212539673,-1.666990876197815
464,data/test/nevus/ISIC_0016023.jpg,-1.15354323387146,1.161214828491211
465,data/test/nevus/ISIC_0016024.jpg,1.1201138496398926,-1.6410002708435059
466,data/test/nevus/ISIC_0016025.jpg,0.9524978995323181,-3.2594571113586426
467,data/test/nevus/ISIC_0016026.jpg,0.13590353727340698,-0.756170928478241
468,data/test/nevus/ISIC_0016027.jpg,-0.7890581488609314,0.8398441076278687
469,data/test/nevus/ISIC_0016028.jpg,-1.5181608200073242,0.5259159803390503
470,data/test/nevus/ISIC_0016029.jpg,-0.4924713969230652,-0.20886562764644623
471,data/test/nevus/ISIC_0016030.jpg,0.06029742956161499,-0.9535415768623352
472,data/test/nevus/ISIC_0016031.jpg,0.04991891235113144,-0.8360909819602966
473,data/test/nevus/ISIC_0016033.jpg,0.6950607299804688,-0.9019694328308105
474,data/test/nevus/ISIC_0016034.jpg,0.569416880607605,-0.9985144138336182
475,data/test/nevus/ISIC_0016035.jpg,-0.23488569259643555,0.2458786815404892
476,data/test/nevus/ISIC_0016036.jpg,0.844887375831604,-0.8661096692085266
477,data/test/nevus/ISIC_0016037.jpg,-0.2653496265411377,0.0043937405571341515
478,data/test/nevus/ISIC_0016038.jpg,0.047445714473724365,-1.6825093030929565
479,data/test/nevus/ISIC_0016040.jpg,1.4014803171157837,-2.214552402496338
480,data/test/nevus/ISIC_0016041.jpg,-0.9053123593330383,0.556262731552124
481,data/test/nevus/ISIC_0016042.jpg,0.4081000089645386,-1.9682625532150269
482,data/test/nevus/ISIC_0016043.jpg,-0.3061599135398865,0.22163601219654083
483,data/test/nevus/ISIC_0016044.jpg,-0.0037876656278967857,-0.5192763209342957
484,data/test/nevus/ISIC_0016045.jpg,0.9427359700202942,-2.0938403606414795
485,data/test/nevus/ISIC_0016046.jpg,1.1299257278442383,-2.6031007766723633
486,data/test/nevus/ISIC_0016048.jpg,0.049233220517635345,-1.371275782585144
487,data/test/nevus/ISIC_0016049.jpg,1.07003915309906,-2.936556816101074
488,data/test/nevus/ISIC_0016050.jpg,0.5733019709587097,-2.1590709686279297
489,data/test/nevus/ISIC_0016051.jpg,-0.5523297786712646,-1.023851752281189
490,data/test/nevus/ISIC_0016052.jpg,0.03907289355993271,-0.3299325406551361
491,data/test/nevus/ISIC_0016053.jpg,0.27342838048934937,-1.4928494691848755
492,data/test/nevus/ISIC_0016054.jpg,-0.6706463694572449,0.6157683730125427
493,data/test/nevus/ISIC_0016055.jpg,0.6367040276527405,-2.0778634548187256
494,data/test/nevus/ISIC_0016056.jpg,0.8486992716789246,-1.3333970308303833
495,data/test/nevus/ISIC_0016057.jpg,1.0153696537017822,-2.2933382987976074
496,data/test/nevus/ISIC_0016058.jpg,-0.9695640802383423,0.27734312415122986
497,data/test/nevus/ISIC_0016059.jpg,0.34752780199050903,-2.21524715423584
498,data/test/nevus/ISIC_0016060.jpg,1.4941956996917725,-2.224433422088623
499,data/test/nevus/ISIC_0016061.jpg,-0.5064423680305481,-1.2177077531814575
500,data/test/nevus/ISIC_0016062.jpg,0.027484171092510223,-1.2729209661483765
501,data/test/nevus/ISIC_0016063.jpg,0.05957745760679245,-1.7400985956192017
502,data/test/nevus/ISIC_0016064.jpg,0.22248585522174835,-0.3693540096282959
503,data/test/nevus/ISIC_0016065.jpg,-0.32987359166145325,0.2882313132286072
504,data/test/nevus/ISIC_0016066.jpg,1.2802859544754028,-2.223092555999756
505,data/test/nevus/ISIC_0016068.jpg,1.279645323753357,-1.9135171175003052
506,data/test/nevus/ISIC_0016069.jpg,0.46381592750549316,-2.4683985710144043
507,data/test/nevus/ISIC_0016070.jpg,-0.6767413020133972,-0.9130595922470093
508,data/test/nevus/ISIC_0016071.jpg,0.794470489025116,-2.253408670425415
509,data/test/nevus/ISIC_0016072.jpg,1.001787543296814,-2.057797908782959
510,data/test/seborrheic_keratosis/ISIC_0012086.jpg,0.20866774022579193,0.02205083519220352
511,data/test/seborrheic_keratosis/ISIC_0012134.jpg,-0.651412308216095,1.2357302904129028
512,data/test/seborrheic_keratosis/ISIC_0012136.jpg,0.07221238315105438,0.4053042531013489
513,data/test/seborrheic_keratosis/ISIC_0012178.jpg,-0.38055944442749023,0.5374417304992676
514,data/test/seborrheic_keratosis/ISIC_0012199.jpg,1.9112428426742554,-2.8424339294433594
515,data/test/seborrheic_keratosis/ISIC_0012207.jpg,-0.4252910017967224,0.10994865000247955
516,data/test/seborrheic_keratosis/ISIC_0012215.jpg,-0.48329615592956543,0.6518117785453796
517,data/test/seborrheic_keratosis/ISIC_0012223.jpg,0.6047285199165344,-0.9741756916046143
518,data/test/seborrheic_keratosis/ISIC_0012240.jpg,0.24794787168502808,0.10112205892801285
519,data/test/seborrheic_keratosis/ISIC_0012248.jpg,0.7968536019325256,-0.5331616401672363
520,data/test/seborrheic_keratosis/ISIC_0012265.jpg,0.9777572751045227,-1.8003283739089966
521,data/test/seborrheic_keratosis/ISIC_0012266.jpg,-0.2940025329589844,0.2954922914505005
522,data/test/seborrheic_keratosis/ISIC_0012272.jpg,-0.8930782675743103,0.47384148836135864
523,data/test/seborrheic_keratosis/ISIC_0012273.jpg,-0.021978560835123062,0.09021715074777603
524,data/test/seborrheic_keratosis/ISIC_0012314.jpg,-0.770773708820343,-0.7671469449996948
525,data/test/seborrheic_keratosis/ISIC_0012323.jpg,-0.6217520236968994,1.077613353729248
526,data/test/seborrheic_keratosis/ISIC_0012330.jpg,-0.18425215780735016,-0.025143466889858246
527,data/test/seborrheic_keratosis/ISIC_0012358.jpg,-0.1618150919675827,0.21379293501377106
528,data/test/seborrheic_keratosis/ISIC_0012364.jpg,-0.5219483375549316,0.5398964881896973
529,data/test/seborrheic_keratosis/ISIC_0012372.jpg,-0.7219544053077698,1.2914553880691528
530,data/test/seborrheic_keratosis/ISIC_0012375.jpg,-1.5060908794403076,1.662025809288025
531,data/test/seborrheic_keratosis/ISIC_0012387.jpg,-1.342932105064392,1.1955260038375854
532,data/test/seborrheic_keratosis/ISIC_0012388.jpg,-1.0393928289413452,0.8669292330741882
533,data/test/seborrheic_keratosis/ISIC_0012414.jpg,-0.5660983324050903,0.9408954977989197
534,data/test/seborrheic_keratosis/ISIC_0012428.jpg,1.5366612672805786,-1.7543621063232422
535,data/test/seborrheic_keratosis/ISIC_0012432.jpg,-0.9594172835350037,-0.03949391096830368
536,data/test/seborrheic_keratosis/ISIC_0012447.jpg,0.2695878744125366,-0.21833659708499908
537,data/test/seborrheic_keratosis/ISIC_0012448.jpg,-1.3422425985336304,1.880355715751648
538,data/test/seborrheic_keratosis/ISIC_0012510.jpg,0.762652575969696,-1.546213150024414
539,data/test/seborrheic_keratosis/ISIC_0012522.jpg,-1.0838229656219482,0.09332598000764847
540,data/test/seborrheic_keratosis/ISIC_0012537.jpg,-0.9252893328666687,1.1090525388717651
541,data/test/seborrheic_keratosis/ISIC_0012548.jpg,-0.29390740394592285,-0.4828662574291229
542,data/test/seborrheic_keratosis/ISIC_0012705.jpg,0.3692419230937958,-0.06465296447277069
543,data/test/seborrheic_keratosis/ISIC_0012757.jpg,-1.0616192817687988,1.0108376741409302
544,data/test/seborrheic_keratosis/ISIC_0012786.jpg,-1.239756464958191,1.1862719058990479
545,data/test/seborrheic_keratosis/ISIC_0012848.jpg,1.2635756731033325,-2.160133123397827
546,data/test/seborrheic_keratosis/ISIC_0012852.jpg,-1.4103050231933594,1.2453101873397827
547,data/test/seborrheic_keratosis/ISIC_0012928.jpg,-1.6592828035354614,1.6886404752731323
548,data/test/seborrheic_keratosis/ISIC_0012955.jpg,-1.0152990818023682,0.7694443464279175
549,data/test/seborrheic_keratosis/ISIC_0012974.jpg,-0.6484919190406799,0.40537434816360474
550,data/test/seborrheic_keratosis/ISIC_0013030.jpg,-0.9561560750007629,0.2543349266052246
551,data/test/seborrheic_keratosis/ISIC_0013035.jpg,-1.4488953351974487,1.1253501176834106
552,data/test/seborrheic_keratosis/ISIC_0013085.jpg,-0.9119041562080383,0.7191858291625977
553,data/test/seborrheic_keratosis/ISIC_0013169.jpg,-0.3629842698574066,0.9437071084976196
554,data/test/seborrheic_keratosis/ISIC_0013170.jpg,-0.9851661324501038,1.2076622247695923
555,data/test/seborrheic_keratosis/ISIC_0013203.jpg,-0.9717205762863159,0.9388471841812134
556,data/test/seborrheic_keratosis/ISIC_0013270.jpg,0.1427018642425537,-1.0119762420654297
557,data/test/seborrheic_keratosis/ISIC_0013271.jpg,-0.08798803389072418,-0.5795111656188965
558,data/test/seborrheic_keratosis/ISIC_0013281.jpg,-0.918989896774292,1.2012699842453003
559,data/test/seborrheic_keratosis/ISIC_0013319.jpg,0.21026498079299927,-0.8470948934555054
560,data/test/seborrheic_keratosis/ISIC_0013393.jpg,-0.9088369011878967,1.1763386726379395
561,data/test/seborrheic_keratosis/ISIC_0013465.jpg,-1.0420538187026978,0.839988648891449
562,data/test/seborrheic_keratosis/ISIC_0013673.jpg,-1.2402397394180298,1.1194097995758057
563,data/test/seborrheic_keratosis/ISIC_0013708.jpg,-1.269663691520691,2.0210025310516357
564,data/test/seborrheic_keratosis/ISIC_0013764.jpg,0.33595073223114014,0.1138501986861229
565,data/test/seborrheic_keratosis/ISIC_0013977.jpg,-1.4994983673095703,1.0493327379226685
566,data/test/seborrheic_keratosis/ISIC_0014006.jpg,0.10407570749521255,0.5218052864074707
567,data/test/seborrheic_keratosis/ISIC_0014177.jpg,-0.14911124110221863,0.07620213180780411
568,data/test/seborrheic_keratosis/ISIC_0014251.jpg,0.06458427011966705,0.3826897144317627
569,data/test/seborrheic_keratosis/ISIC_0014278.jpg,-1.3208903074264526,-0.10199259966611862
570,data/test/seborrheic_keratosis/ISIC_0014386.jpg,-0.3365892171859741,-0.14480991661548615
571,data/test/seborrheic_keratosis/ISIC_0014392.jpg,-0.5337799787521362,0.3312928080558777
572,data/test/seborrheic_keratosis/ISIC_0014409.jpg,-0.8202129602432251,0.23217056691646576
573,data/test/seborrheic_keratosis/ISIC_0014419.jpg,-0.2197275310754776,0.14737273752689362
574,data/test/seborrheic_keratosis/ISIC_0014457.jpg,0.4062116742134094,-0.4904487133026123
575,data/test/seborrheic_keratosis/ISIC_0014474.jpg,-0.9056788086891174,1.321851372718811
576,data/test/seborrheic_keratosis/ISIC_0014500.jpg,-0.026205725967884064,0.11044306308031082
577,data/test/seborrheic_keratosis/ISIC_0014503.jpg,-0.8419016003608704,-0.32847684621810913
578,data/test/seborrheic_keratosis/ISIC_0014567.jpg,-0.4165849983692169,0.757157027721405
579,data/test/seborrheic_keratosis/ISIC_0014574.jpg,-0.9522637128829956,-0.09407707303762436
580,data/test/seborrheic_keratosis/ISIC_0014575.jpg,-0.9006063938140869,-0.6828781366348267
581,data/test/seborrheic_keratosis/ISIC_0014586.jpg,0.7363870739936829,-1.852236270904541
582,data/test/seborrheic_keratosis/ISIC_0014587.jpg,-1.1832618713378906,1.6132630109786987
583,data/test/seborrheic_keratosis/ISIC_0014588.jpg,-1.1217843294143677,1.3008087873458862
584,data/test/seborrheic_keratosis/ISIC_0014590.jpg,0.04557493329048157,-1.1762967109680176
585,data/test/seborrheic_keratosis/ISIC_0014600.jpg,0.7038847804069519,-1.8055871725082397
586,data/test/seborrheic_keratosis/ISIC_0014619.jpg,1.1194490194320679,-1.0898686647415161
587,data/test/seborrheic_keratosis/ISIC_0014626.jpg,-1.2373183965682983,1.5190249681472778
588,data/test/seborrheic_keratosis/ISIC_0014627.jpg,-1.2692012786865234,1.4988971948623657
589,data/test/seborrheic_keratosis/ISIC_0014629.jpg,-1.6941680908203125,1.8139740228652954
590,data/test/seborrheic_keratosis/ISIC_0014631.jpg,-1.3013213872909546,1.219120979309082
591,data/test/seborrheic_keratosis/ISIC_0014634.jpg,-1.4958839416503906,1.6282871961593628
592,data/test/seborrheic_keratosis/ISIC_0014643.jpg,-1.0647701025009155,1.2058497667312622
593,data/test/seborrheic_keratosis/ISIC_0014644.jpg,0.7943336367607117,-1.3416081666946411
594,data/test/seborrheic_keratosis/ISIC_0014645.jpg,-0.811850368976593,1.229190707206726
595,data/test/seborrheic_keratosis/ISIC_0014647.jpg,-1.302589774131775,1.5772284269332886
596,data/test/seborrheic_keratosis/ISIC_0014648.jpg,-1.7566169500350952,1.8166329860687256
597,data/test/seborrheic_keratosis/ISIC_0014649.jpg,-1.2081691026687622,1.3432832956314087
598,data/test/seborrheic_keratosis/ISIC_0014652.jpg,-0.25530728697776794,-0.04630376398563385
599,data/test/seborrheic_keratosis/ISIC_0014653.jpg,-1.1316149234771729,0.546995997428894
